student_id,observed_success,pp_mean,pp_q025,pp_q975,inside_95_interval
1018,1.0,0.568375,0.0,1.0,True
1023,1.0,0.565375,0.0,1.0,True
1026,0.5,0.337125,0.0,1.0,True
1028,0.0,0.201125,0.0,1.0,True
1037,0.0,0.20725,0.0,1.0,True
1039,0.0,0.206875,0.0,1.0,True
1044,0.0,0.2035,0.0,1.0,True
1045,0.0,0.210625,0.0,1.0,True
1049,0.0,0.1794375,0.0,1.0,True
1050,0.0,0.205,0.0,1.0,True
1056,0.0,0.209875,0.0,1.0,True
1070,0.3333333333333333,0.388124999999999,0.0,0.8333333333333334,True
1071,0.5714285714285714,0.5354464285714257,0.14285714285714285,1.0,True
1076,0.375,0.39023437499999986,0.125,0.6666666666666666,True
1077,0.14285714285714285,0.19284821428571414,0.03571428571428571,0.39285714285714285,True
1079,0.38461538461538464,0.4088076923076914,0.07692307692307693,0.7692307692307693,True
1080,0.6896551724137931,0.6629051724138084,0.41379310344827586,0.8620689655172413,True
1081,0.391304347826087,0.4074456521739151,0.17391304347826086,0.6956521739130435,True
1082,0.7333333333333333,0.6789500000000318,0.4,0.9333333333333333,True
1083,1.0,0.583125,0.0,1.0,True
1085,1.0,0.640375,0.0,1.0,True
1087,0.5714285714285714,0.5606071428571413,0.2857142857142857,0.8095238095238095,True
1091,0.75,0.683437499999999,0.3333333333333333,1.0,True
1093,0.46153846153846156,0.4661971153846182,0.23076923076923078,0.7307692307692307,True
1095,0.3333333333333333,0.3886527777777773,0.0,0.7777777777777778,True
1109,0.25,0.2907187500000005,0.05,0.6,True
1122,0.5714285714285714,0.548732142857139,0.14285714285714285,1.0,True
1126,0.8571428571428571,0.7309999999999836,0.2857142857142857,1.0,True
1130,0.75,0.653703125,0.25,1.0,True
1132,0.7142857142857143,0.6381071428571262,0.14285714285714285,1.0,True
1135,0.45454545454545453,0.46333522727273246,0.18181818181818182,0.7272727272727273,True
1140,0.125,0.260390625,0.0,0.625,True
1143,0.8,0.7316166666667155,0.4,1.0,True
1146,0.16,0.21150999999999842,0.04,0.44,True
1147,0.125,0.244828125,0.0,0.625,True
1148,0.0,0.21756250000000274,0.0,0.6666666666666666,True
1149,0.75,0.66371875,0.25,1.0,True
1150,0.0,0.11697222222221297,0.0,0.3333333333333333,True
1156,0.6,0.5257500000000006,0.0,1.0,True
1157,0.0,0.14320192307693333,0.0,0.46153846153846156,True
1158,0.8461538461538461,0.748509615384647,0.38461538461538464,1.0,True
1163,0.5714285714285714,0.5507053571428591,0.21428571428571427,0.8571428571428571,True
1166,0.3333333333333333,0.4005833333333377,0.0,1.0,True
1171,0.625,0.588953125,0.125,1.0,True
1173,0.21428571428571427,0.28065178571428606,0.0,0.5714285714285714,True
1179,0.5357142857142857,0.5303571428571447,0.2857142857142857,0.7857142857142857,True
1182,0.13333333333333333,0.21420000000000897,0.0,0.5333333333333333,True
1185,0.5714285714285714,0.5520624999999993,0.21428571428571427,0.8571428571428571,True
1191,0.6666666666666666,0.5874999999999976,0.0,1.0,True
1192,0.7142857142857143,0.628660714285701,0.14285714285714285,1.0,True
1194,0.75,0.6816145833333334,0.3333333333333333,1.0,True
1195,0.5333333333333333,0.5239333333333286,0.2,0.8666666666666667,True
1196,0.6666666666666666,0.5907499999999988,0.16666666666666666,1.0,True
1197,0.6923076923076923,0.6398750000000155,0.3076923076923077,0.9230769230769231,True
1219,0.35714285714285715,0.3903571428571415,0.07142857142857142,0.7142857142857143,True
1229,0.7,0.6643500000000017,0.4,0.9,True
1230,0.375,0.4136875,0.0,0.875,True
1241,0.5714285714285714,0.556098214285717,0.21428571428571427,0.8571428571428571,True
1242,0.0,0.43825,0.0,1.0,True
1243,0.5714285714285714,0.5349642857142852,0.14285714285714285,1.0,True
1244,0.07142857142857142,0.18009821428571585,0.0,0.5,True
1247,0.4,0.44219999999999915,0.0,1.0,True
1248,0.6666666666666666,0.5529166666666637,0.0,1.0,True
1252,0.45,0.45954374999999975,0.2,0.75,True
1253,0.0,0.17788888888887391,0.0,0.5555555555555556,True
1256,0.6,0.5888958333333212,0.3333333333333333,0.8333333333333334,True
1269,0.21428571428571427,0.27658035714285945,0.0,0.5714285714285714,True
1271,0.7272727272727273,0.6895113636363636,0.4090909090909091,0.9090909090909091,True
1272,0.5714285714285714,0.5494999999999949,0.14285714285714285,1.0,True
1273,0.25,0.3033671875,0.0625,0.625,True
1274,0.23076923076923078,0.24695192307694572,0.0,0.6153846153846154,True
1275,0.0,0.1373035714285673,0.0,0.42857142857142855,True
1276,0.5714285714285714,0.5365714285714246,0.14285714285714285,1.0,True
1277,0.8888888888888888,0.7618611111110678,0.3333333333333333,1.0,True
1279,1.0,0.809734375,0.375,1.0,True
128,0.14285714285714285,0.2698392857142744,0.0,0.7142857142857143,True
1281,0.1111111111111111,0.24295833333331243,0.0,0.6666666666666666,True
1282,0.8571428571428571,0.7108392857142678,0.2857142857142857,1.0,True
1283,0.125,0.250375,0.0,0.625,True
1284,0.2727272727272727,0.3068693181818199,0.09090909090909091,0.5909090909090909,True
1286,0.25,0.3015,0.0625,0.625,True
1288,0.42857142857142855,0.4470803571428542,0.14285714285714285,0.7857142857142857,True
1289,0.64,0.617565000000019,0.36,0.84,True
1290,0.8571428571428571,0.7079642857142662,0.2857142857142857,1.0,True
1291,0.23076923076923078,0.26956730769230874,0.07692307692307693,0.5,True
1292,0.6428571428571429,0.6046607142857146,0.2857142857142857,0.9285714285714286,True
1299,0.6923076923076923,0.6482692307692455,0.3076923076923077,0.9230769230769231,True
1300,0.6666666666666666,0.5847083333333355,0.16666666666666666,1.0,True
1305,0.5714285714285714,0.540303571428568,0.14285714285714285,1.0,True
1308,0.8461538461538461,0.7554230769231104,0.46153846153846156,1.0,True
1311,0.5714285714285714,0.5418571428571389,0.14285714285714285,1.0,True
1312,0.8571428571428571,0.7097857142856964,0.2857142857142857,1.0,True
1319,0.4166666666666667,0.4373749999999995,0.08333333333333333,0.75,True
1321,0.0,0.383125,0.0,1.0,True
1322,0.5185185185185185,0.5158981481481489,0.25925925925925924,0.7777777777777778,True
1324,0.2,0.25357500000000094,0.05,0.55,True
1331,0.7,0.639412500000002,0.3,1.0,True
1332,0.8,0.7291416666667144,0.4,1.0,True
1333,0.2857142857142857,0.3559285714285734,0.0,0.8571428571428571,True
1334,0.2,0.2536500000000001,0.05,0.5,True
1338,0.14285714285714285,0.28724999999999157,0.0,0.7142857142857143,True
1339,0.7916666666666666,0.7472447916666674,0.5,0.9583333333333334,True
1340,0.0,0.366875,0.0,1.0,True
1341,1.0,0.7992857142856965,0.42857142857142855,1.0,True
1350,0.7142857142857143,0.6667232142857109,0.35714285714285715,0.9285714285714286,True
1351,0.5714285714285714,0.540607142857138,0.14285714285714285,1.0,True
1352,0.6153846153846154,0.5873365384615429,0.23076923076923078,0.9230769230769231,True
1353,0.875,0.74853125,0.375,1.0,True
1363,0.125,0.261734375,0.0,0.625,True
1375,0.6,0.5693124999999961,0.2,0.9,True
1379,0.8333333333333334,0.5934583333333325,0.16666666666666666,1.0,True
1402,0.6666666666666666,0.592999999999999,0.16666666666666666,1.0,True
1411,0.7333333333333333,0.6793166666666973,0.3333333333333333,0.9333333333333333,True
142,0.0,0.13337499999999963,0.0,0.5714285714285714,True
1420,0.8571428571428571,0.7240535714285536,0.2857142857142857,1.0,True
1427,0.3333333333333333,0.45545833333333624,0.0,1.0,True
1428,0.8571428571428571,0.7715357142857263,0.42857142857142855,1.0,True
1444,0.7142857142857143,0.632124999999986,0.14285714285714285,1.0,True
1483,0.5,0.461875,0.0,1.0,True
1484,1.0,0.39875,0.0,1.0,True
1486,0.0,0.1454583333333324,0.0,0.5,True
1487,0.5,0.45296875,0.0,1.0,True
1504,0.3333333333333333,0.3895416666666708,0.0,1.0,True
1505,0.7142857142857143,0.6114999999999922,0.14285714285714285,1.0,True
1517,0.38095238095238093,0.3999702380952351,0.14285714285714285,0.6666666666666666,True
1518,0.3333333333333333,0.3963333333333375,0.0,1.0,True
152,1.0,0.59775,0.0,1.0,True
155,0.0,0.17091666666666516,0.0,0.6666666666666666,True
156,0.0,0.216,0.0,1.0,True
1564,0.0,0.219375,0.0,1.0,True
160,0.0,0.222875,0.0,1.0,True
163,0.42857142857142855,0.43016071428571767,0.0,0.8571428571428571,True
167,0.65,0.6258375000000019,0.35,0.9,True
168,0.21052631578947367,0.2643092105263076,0.05263157894736842,0.5263157894736842,True
174,0.6153846153846154,0.5500288461538464,0.23076923076923078,0.8461538461538461,True
175,0.6,0.5410249999999955,0.2,0.8666666666666667,True
176,0.7857142857142857,0.6657946428571421,0.35714285714285715,0.9285714285714286,True
177,0.25,0.265203125,0.0,0.625,True
178,0.0,0.1770416666666649,0.0,0.6666666666666666,True
180,1.0,0.587375,0.0,1.0,True
189,0.4,0.3510999999999986,0.0,0.8,True
197,0.2857142857142857,0.2832499999999922,0.0,0.7142857142857143,True
198,0.25,0.2633125,0.0,0.75,True
199,0.42857142857142855,0.3635357142857158,0.0,0.8571428571428571,True
200,0.0,0.1324285714285711,0.0,0.5714285714285714,True
201,0.3333333333333333,0.30102083333333485,0.0,0.8333333333333334,True
202,0.0,0.12812500000000052,0.0,0.42857142857142855,True
203,0.6666666666666666,0.5065208333333324,0.0,1.0,True
204,0.5,0.414,0.0,0.875,True
208,1.0,0.656375,0.0,1.0,True
218,0.42857142857142855,0.3674285714285736,0.0,0.8571428571428571,True
219,0.4,0.34022500000000055,0.0,0.8,True
239,1.0,0.4564375,0.0,1.0,True
250,0.5,0.45925,0.0,1.0,True
26,1.0,0.591625,0.0,1.0,True
28,0.2,0.26373333333334353,0.0,0.6,True
311,1.0,0.533,0.0,1.0,True
340,1.0,0.58825,0.0,1.0,True
344,0.75,0.514,0.0,1.0,True
349,0.25,0.27190625,0.0,0.75,True
351,0.46153846153846156,0.41348076923076815,0.07692307692307693,0.7692307692307693,True
352,0.0,0.250625,0.0,1.0,True
359,0.6896551724137931,0.6590301724138037,0.41379310344827586,0.8620689655172413,True
36,0.5,0.49636875000000064,0.2,0.75,True
37,0.6923076923076923,0.6085673076923147,0.3076923076923077,0.9230769230769231,True
374,0.6,0.5801333333333358,0.26666666666666666,0.8666666666666667,True
375,0.7272727272727273,0.660556818181845,0.2727272727272727,1.0,True
376,0.4375,0.446234375,0.125,0.75,True
378,0.5833333333333334,0.5709791666666691,0.2916666666666667,0.8333333333333334,True
380,0.0,0.3433125,0.0,1.0,True
383,1.0,0.62125,0.0,1.0,True
387,0.5714285714285714,0.5505446428571439,0.21428571428571427,0.8571428571428571,True
394,0.5882352941176471,0.5799374999999839,0.35294117647058826,0.7941176470588235,True
397,0.5,0.489875,0.0,1.0,True
403,0.4,0.4231666666666773,0.13333333333333333,0.7333333333333333,True
405,0.14285714285714285,0.20960714285713242,0.0,0.5714285714285714,True
406,0.3333333333333333,0.3353333333333283,0.0,0.7777777777777778,True
407,0.4444444444444444,0.40913888888889155,0.10833333333333585,0.7777777777777778,True
409,0.5,0.4747083333333336,0.0,1.0,True
41,0.4166666666666667,0.4152604166666655,0.16666666666666666,0.6666666666666666,True
411,0.3076923076923077,0.34467307692308247,0.07692307692307693,0.6923076923076923,True
414,0.375,0.406375,0.0,0.875,True
415,0.0,0.1605277777777655,0.0,0.5555555555555556,True
419,0.16666666666666666,0.289729166666667,0.0,0.8333333333333334,True
420,0.25,0.316609375,0.0,0.75,True
421,0.14285714285714285,0.2626964285714173,0.0,0.7142857142857143,True
422,0.2,0.31917500000000254,0.0,0.8,True
426,0.5263157894736842,0.5205000000000042,0.21052631578947367,0.7894736842105263,True
455,0.25,0.37778125,0.0,1.0,True
457,0.7222222222222222,0.6722569444444544,0.3888888888888889,0.9444444444444444,True
462,1.0,0.654875,0.0,1.0,True
464,0.8,0.6576000000000254,0.2,1.0,True
465,0.6428571428571429,0.606812499999997,0.2857142857142857,0.9285714285714286,True
466,0.5,0.4850625,0.0,1.0,True
467,1.0,0.66875,0.0,1.0,True
468,0.8125,0.743265625,0.4375,1.0,True
470,0.6666666666666666,0.595166666666667,0.16666666666666666,1.0,True
473,0.3235294117647059,0.343297794117662,0.14705882352941177,0.5588235294117647,True
483,0.7142857142857143,0.6791392857142989,0.45714285714285713,0.8571428571428571,True
493,0.0,0.429,0.0,1.0,True
509,0.64,0.6141550000000165,0.36,0.84,True
510,0.3076923076923077,0.3284711538461598,0.07692307692307693,0.6923076923076923,True
511,0.5,0.4434125000000011,0.1,0.8,True
52,0.0,0.264125,0.0,1.0,True
524,0.46153846153846156,0.4293557692307705,0.15384615384615385,0.7692307692307693,True
525,0.1,0.17967499999999906,0.0,0.5,True
535,0.5833333333333334,0.5552708333333335,0.16666666666666666,0.9166666666666666,True
551,0.08333333333333333,0.1896770833333329,0.0,0.5,True
556,1.0,0.654125,0.0,1.0,True
57,0.3333333333333333,0.39672916666666713,0.0,0.8333333333333334,True
576,0.5,0.4495,0.0,1.0,True
582,0.3333333333333333,0.4056666666666658,0.0,0.8333333333333334,True
591,0.4166666666666667,0.42210416666666634,0.08333333333333333,0.75,True
592,0.75,0.62334375,0.0,1.0,True
598,1.0,0.550125,0.0,1.0,True
600,0.0,0.472875,0.0,1.0,True
624,0.3333333333333333,0.3034166666666652,0.0,1.0,True
625,0.4,0.3871250000000026,0.1,0.8,True
626,0.0,0.16425,0.0,0.75,True
633,0.8260869565217391,0.7686521739130253,0.5217391304347826,0.9565217391304348,True
634,0.3125,0.346,0.0625,0.6875,True
636,0.2,0.3380250000000005,0.0,0.8,True
637,0.2857142857142857,0.34844642857142866,0.0,0.8571428571428571,True
638,0.14285714285714285,0.2696607142857039,0.0,0.7142857142857143,True
639,0.14285714285714285,0.276357142857132,0.0,0.7142857142857143,True
64,0.2857142857142857,0.2862142857142787,0.0,0.7142857142857143,True
641,0.2857142857142857,0.3496964285714293,0.0,0.8571428571428571,True
642,0.6666666666666666,0.586958333333333,0.16666666666666666,1.0,True
643,0.4,0.43007499999999793,0.0,1.0,True
645,0.3333333333333333,0.4267500000000035,0.0,1.0,True
646,0.5,0.461875,0.0,1.0,True
647,0.0,0.2816249999999975,0.0,1.0,True
651,0.14285714285714285,0.26501785714284565,0.0,0.7142857142857143,True
657,0.5,0.5013749999999991,0.0,1.0,True
658,0.42857142857142855,0.4426785714285732,0.0,0.8571428571428571,True
659,0.0,0.341,0.0,1.0,True
660,0.6666666666666666,0.5920000000000007,0.16666666666666666,1.0,True
661,0.5714285714285714,0.5446071428571376,0.14285714285714285,1.0,True
663,0.5714285714285714,0.5368392857142835,0.14285714285714285,1.0,True
664,0.8333333333333334,0.6827708333333316,0.16666666666666666,1.0,True
666,0.4,0.4356999999999984,0.0,1.0,True
667,1.0,0.7926785714285534,0.42857142857142855,1.0,True
668,0.5,0.5181875,0.0,1.0,True
669,0.5714285714285714,0.5436249999999943,0.14285714285714285,1.0,True
67,0.42857142857142855,0.4434642857142882,0.0,0.8571428571428571,True
674,0.2857142857142857,0.3562500000000007,0.0,0.8571428571428571,True
675,0.5714285714285714,0.5301249999999984,0.14285714285714285,1.0,True
679,0.3333333333333333,0.3877500000000036,0.0,1.0,True
682,1.0,0.57375,0.0,1.0,True
683,0.42857142857142855,0.4393392857142898,0.0,0.8571428571428571,True
684,0.42857142857142855,0.45055357142857383,0.0,0.8571428571428571,True
69,0.5,0.4626875,0.0,1.0,True
690,0.14285714285714285,0.2705357142857036,0.0,0.7142857142857143,True
691,0.5,0.501875,0.0,1.0,True
692,0.6,0.5618000000000077,0.0,1.0,True
693,0.5714285714285714,0.5304999999999981,0.14285714285714285,1.0,True
695,0.5714285714285714,0.5389285714285673,0.14285714285714285,1.0,True
697,1.0,0.7517750000000402,0.2,1.0,True
699,0.5,0.4889375,0.0,1.0,True
700,0.7142857142857143,0.6291964285714173,0.14285714285714285,1.0,True
704,1.0,0.57625,0.0,1.0,True
71,0.5909090909090909,0.551664772727266,0.2727272727272727,0.8181818181818182,True
712,0.16666666666666666,0.2993333333333334,0.0,0.8333333333333334,True
713,0.5,0.4915625,0.0,1.0,True
714,0.0,0.363875,0.0,1.0,True
717,0.6666666666666666,0.6013749999999963,0.0,1.0,True
719,0.0,0.31675,0.0,1.0,True
72,0.08333333333333333,0.13422222222222302,0.027777777777777776,0.3055555555555556,True
720,0.8571428571428571,0.7079464285714072,0.2857142857142857,1.0,True
722,1.0,0.566375,0.0,1.0,True
723,0.5,0.4999375,0.0,1.0,True
725,0.0,0.20458928571427534,0.0,0.5714285714285714,True
726,1.0,0.587625,0.0,1.0,True
731,0.6666666666666666,0.5908958333333355,0.16666666666666666,1.0,True
741,0.14285714285714285,0.2718392857142758,0.0,0.7142857142857143,True
750,0.25,0.333375,0.0,0.75,True
751,0.0,0.2025625,0.0,1.0,True
753,0.42857142857142855,0.46233928571428673,0.0,0.8571428571428571,True
769,0.0,0.19835416666666963,0.0,0.6666666666666666,True
80,0.3333333333333333,0.3368749999999973,0.1111111111111111,0.6111111111111112,True
81,0.3888888888888889,0.39826388888888464,0.1111111111111111,0.6666666666666666,True
827,0.3333333333333333,0.4305000000000033,0.0,1.0,True
840,0.6875,0.66562109375,0.4375,0.875,True
851,0.2777777777777778,0.3212222222222212,0.05555555555555555,0.6111111111111112,True
852,0.0,0.451,0.0,1.0,True
853,1.0,0.595625,0.0,1.0,True
854,1.0,0.597375,0.0,1.0,True
860,1.0,0.624625,0.0,1.0,True
876,0.5806451612903226,0.569060483870962,0.3225806451612903,0.8064516129032258,True
884,0.45454545454545453,0.4584943181818251,0.18181818181818182,0.7272727272727273,True
885,0.17647058823529413,0.24139705882352028,0.0,0.5294117647058824,True
890,0.4782608695652174,0.4772771739130419,0.21739130434782608,0.7391304347826086,True
898,0.5,0.49833984375,0.28125,0.71875,True
899,0.25,0.2935000000000013,0.05,0.6,True
90,0.3333333333333333,0.38113888888888914,0.0,0.7777777777777778,True
902,1.0,0.639875,0.0,1.0,True
91,0.6666666666666666,0.6471363636363975,0.42424242424242425,0.8484848484848485,True
913,0.6818181818181818,0.6534999999999941,0.36363636363636365,0.9090909090909091,True
918,0.0,0.20425,0.0,1.0,True
953,0.42857142857142855,0.44850000000000195,0.0,0.8571428571428571,True
955,0.18421052631578946,0.21776644736841722,0.05263157894736842,0.42105263157894735,True
956,0.05,0.14251249999999807,0.0,0.35,True
958,0.0,0.15587499999999435,0.0,0.45454545454545453,True
965,0.7142857142857143,0.6654107142857151,0.35714285714285715,0.9285714285714286,True
966,0.0,0.1349374999999953,0.0,0.42857142857142855,True
967,0.6896551724137931,0.665331896551737,0.41379310344827586,0.8620689655172413,True
969,0.8181818181818182,0.7235568181818627,0.36363636363636365,1.0,True
972,0.0,0.07296071428571618,0.0,0.2,True
973,0.7142857142857143,0.6333392857142722,0.14285714285714285,1.0,True
974,0.8571428571428571,0.7084821428571219,0.2857142857142857,1.0,True
975,0.0,0.34475,0.0,1.0,True
979,0.6,0.5640624999999971,0.2,0.9,True
982,0.75,0.655359375,0.25,1.0,True
983,1.0,0.581875,0.0,1.0,True
984,0.0,0.33245833333333535,0.0,1.0,True
985,0.6,0.49656250000000096,0.1,0.9,True
986,0.7894736842105263,0.7361184210526361,0.47368421052631576,0.9473684210526315,True
988,0.6,0.572258333333333,0.26666666666666666,0.8666666666666667,True
990,0.0,0.3383125,0.0,1.0,True
